frame,n_objects,detector,foam
0,62,cellpose,F
1,65,cellpose,F
2,60,cellpose,F
3,61,cellpose,F
4,62,cellpose,F
5,63,cellpose,F
6,62,cellpose,F
7,62,cellpose,F
8,64,cellpose,F
9,69,cellpose,F
10,65,cellpose,F
11,66,cellpose,F
12,64,cellpose,F
13,65,cellpose,F
14,62,cellpose,F
15,60,cellpose,F
16,66,cellpose,F
17,68,cellpose,F
18,66,cellpose,F
19,66,cellpose,F
20,65,cellpose,F
21,64,cellpose,F
22,64,cellpose,F
23,63,cellpose,F
24,65,cellpose,F
25,63,cellpose,F
26,61,cellpose,F
27,58,cellpose,F
28,61,cellpose,F
29,61,cellpose,F
30,61,cellpose,F
31,61,cellpose,F
32,62,cellpose,F
33,62,cellpose,F
34,61,cellpose,F
35,62,cellpose,F
36,62,cellpose,F
37,63,cellpose,F
38,63,cellpose,F
39,62,cellpose,F
40,61,cellpose,F
41,63,cellpose,F
42,63,cellpose,F
43,59,cellpose,F
44,62,cellpose,F
45,57,cellpose,F
46,58,cellpose,F
47,57,cellpose,F
48,58,cellpose,F
49,58,cellpose,F
50,58,cellpose,F
51,59,cellpose,F
52,59,cellpose,F
53,61,cellpose,F
54,59,cellpose,F
55,59,cellpose,F
56,57,cellpose,F
57,58,cellpose,F
58,53,cellpose,F
59,53,cellpose,F
60,54,cellpose,F
61,54,cellpose,F
62,53,cellpose,F
63,54,cellpose,F
64,54,cellpose,F
65,52,cellpose,F
66,52,cellpose,F
67,50,cellpose,F
68,50,cellpose,F
69,50,cellpose,F
70,50,cellpose,F
71,51,cellpose,F
72,50,cellpose,F
73,50,cellpose,F
74,50,cellpose,F
75,50,cellpose,F
76,50,cellpose,F
77,49,cellpose,F
78,50,cellpose,F
79,51,cellpose,F
80,48,cellpose,F
81,52,cellpose,F
82,49,cellpose,F
83,51,cellpose,F
84,50,cellpose,F
85,51,cellpose,F
86,50,cellpose,F
87,49,cellpose,F
88,51,cellpose,F
89,48,cellpose,F
90,48,cellpose,F
91,47,cellpose,F
92,47,cellpose,F
93,47,cellpose,F
94,47,cellpose,F
95,46,cellpose,F
96,46,cellpose,F
97,45,cellpose,F
98,46,cellpose,F
99,43,cellpose,F
100,43,cellpose,F
101,41,cellpose,F
102,41,cellpose,F
103,39,cellpose,F
104,40,cellpose,F
105,40,cellpose,F
106,39,cellpose,F
107,38,cellpose,F
108,41,cellpose,F
109,39,cellpose,F
110,39,cellpose,F
111,39,cellpose,F
112,40,cellpose,F
113,38,cellpose,F
114,39,cellpose,F
115,37,cellpose,F
116,39,cellpose,F
117,37,cellpose,F
118,38,cellpose,F
119,37,cellpose,F
120,37,cellpose,F
121,37,cellpose,F
122,38,cellpose,F
123,36,cellpose,F
124,36,cellpose,F
125,37,cellpose,F
126,37,cellpose,F
127,38,cellpose,F
128,37,cellpose,F
129,38,cellpose,F
130,37,cellpose,F
131,38,cellpose,F
132,38,cellpose,F
133,39,cellpose,F
134,38,cellpose,F
135,37,cellpose,F
136,36,cellpose,F
137,35,cellpose,F
138,35,cellpose,F
139,37,cellpose,F
140,36,cellpose,F
141,37,cellpose,F
142,36,cellpose,F
143,37,cellpose,F
144,36,cellpose,F
145,37,cellpose,F
146,35,cellpose,F
147,36,cellpose,F
148,36,cellpose,F
149,36,cellpose,F
150,36,cellpose,F
151,35,cellpose,F
152,39,cellpose,F
153,37,cellpose,F
154,38,cellpose,F
155,37,cellpose,F
156,36,cellpose,F
157,36,cellpose,F
158,34,cellpose,F
159,35,cellpose,F
160,35,cellpose,F
161,34,cellpose,F
162,34,cellpose,F
163,33,cellpose,F
164,34,cellpose,F
165,33,cellpose,F
166,32,cellpose,F
167,32,cellpose,F
168,32,cellpose,F
169,31,cellpose,F
170,33,cellpose,F
171,30,cellpose,F
172,31,cellpose,F
173,30,cellpose,F
174,32,cellpose,F
175,30,cellpose,F
176,31,cellpose,F
177,30,cellpose,F
178,27,cellpose,F
179,28,cellpose,F
180,28,cellpose,F
181,30,cellpose,F
182,28,cellpose,F
183,30,cellpose,F
184,30,cellpose,F
185,28,cellpose,F
186,27,cellpose,F
187,28,cellpose,F
188,29,cellpose,F
189,27,cellpose,F
190,29,cellpose,F
191,27,cellpose,F
192,27,cellpose,F
193,26,cellpose,F
194,25,cellpose,F
195,25,cellpose,F
196,26,cellpose,F
197,23,cellpose,F
198,24,cellpose,F
199,23,cellpose,F
200,22,cellpose,F
201,22,cellpose,F
202,22,cellpose,F
203,24,cellpose,F
204,21,cellpose,F
205,21,cellpose,F
206,21,cellpose,F
207,19,cellpose,F
208,19,cellpose,F
209,19,cellpose,F
210,19,cellpose,F
211,19,cellpose,F
212,20,cellpose,F
213,18,cellpose,F
214,19,cellpose,F
215,20,cellpose,F
216,18,cellpose,F
217,18,cellpose,F
218,18,cellpose,F
219,19,cellpose,F
220,18,cellpose,F
221,17,cellpose,F
222,19,cellpose,F
223,17,cellpose,F
224,16,cellpose,F
225,20,cellpose,F
226,18,cellpose,F
227,17,cellpose,F
228,17,cellpose,F
229,17,cellpose,F
230,17,cellpose,F
231,16,cellpose,F
232,17,cellpose,F
233,17,cellpose,F
234,16,cellpose,F
235,17,cellpose,F
236,17,cellpose,F
237,17,cellpose,F
238,18,cellpose,F
239,17,cellpose,F
240,16,cellpose,F
241,19,cellpose,F
242,18,cellpose,F
243,17,cellpose,F
244,18,cellpose,F
245,18,cellpose,F
246,18,cellpose,F
247,18,cellpose,F
248,18,cellpose,F
249,17,cellpose,F
250,16,cellpose,F
251,17,cellpose,F
252,17,cellpose,F
253,16,cellpose,F
254,17,cellpose,F
255,17,cellpose,F
256,16,cellpose,F
257,15,cellpose,F
258,18,cellpose,F
259,16,cellpose,F
260,17,cellpose,F
261,16,cellpose,F
262,16,cellpose,F
263,16,cellpose,F
264,17,cellpose,F
265,17,cellpose,F
266,17,cellpose,F
267,18,cellpose,F
268,16,cellpose,F
269,17,cellpose,F
270,17,cellpose,F
271,17,cellpose,F
272,17,cellpose,F
273,17,cellpose,F
274,16,cellpose,F
275,18,cellpose,F
276,15,cellpose,F
277,17,cellpose,F
278,16,cellpose,F
279,16,cellpose,F
280,15,cellpose,F
281,16,cellpose,F
282,16,cellpose,F
283,16,cellpose,F
284,16,cellpose,F
285,16,cellpose,F
286,16,cellpose,F
287,16,cellpose,F
288,15,cellpose,F
289,16,cellpose,F
290,16,cellpose,F
291,16,cellpose,F
292,16,cellpose,F
293,16,cellpose,F
294,16,cellpose,F
295,16,cellpose,F
296,16,cellpose,F
297,15,cellpose,F
298,15,cellpose,F
299,14,cellpose,F
300,15,cellpose,F
301,15,cellpose,F
302,15,cellpose,F
303,14,cellpose,F
304,14,cellpose,F
305,15,cellpose,F
306,15,cellpose,F
307,16,cellpose,F
308,15,cellpose,F
309,15,cellpose,F
310,16,cellpose,F
311,14,cellpose,F
312,13,cellpose,F
313,13,cellpose,F
314,14,cellpose,F
315,12,cellpose,F
316,12,cellpose,F
317,13,cellpose,F
318,14,cellpose,F
319,14,cellpose,F
320,13,cellpose,F
321,14,cellpose,F
322,13,cellpose,F
323,12,cellpose,F
324,12,cellpose,F
325,14,cellpose,F
326,13,cellpose,F
327,13,cellpose,F
328,12,cellpose,F
329,13,cellpose,F
330,13,cellpose,F
331,13,cellpose,F
332,14,cellpose,F
333,12,cellpose,F
334,12,cellpose,F
335,13,cellpose,F
336,15,cellpose,F
337,13,cellpose,F
338,14,cellpose,F
339,15,cellpose,F
340,13,cellpose,F
341,12,cellpose,F
342,12,cellpose,F
343,12,cellpose,F
344,11,cellpose,F
345,11,cellpose,F
346,11,cellpose,F
347,10,cellpose,F
348,9,cellpose,F
349,8,cellpose,F
350,8,cellpose,F
351,8,cellpose,F
352,8,cellpose,F
353,8,cellpose,F
354,8,cellpose,F
355,8,cellpose,F
356,8,cellpose,F
357,8,cellpose,F
358,7,cellpose,F
359,7,cellpose,F
360,7,cellpose,F
361,7,cellpose,F
362,7,cellpose,F
363,7,cellpose,F
364,7,cellpose,F
365,7,cellpose,F
366,7,cellpose,F
367,7,cellpose,F
368,7,cellpose,F
369,7,cellpose,F
370,7,cellpose,F
371,7,cellpose,F
372,7,cellpose,F
373,7,cellpose,F
374,7,cellpose,F
375,7,cellpose,F
376,7,cellpose,F
377,7,cellpose,F
378,7,cellpose,F
379,7,cellpose,F
380,7,cellpose,F
381,7,cellpose,F
382,7,cellpose,F
383,7,cellpose,F
384,7,cellpose,F
385,8,cellpose,F
386,7,cellpose,F
387,7,cellpose,F
388,7,cellpose,F
389,7,cellpose,F
390,9,cellpose,F
391,10,cellpose,F
392,7,cellpose,F
393,7,cellpose,F
394,8,cellpose,F
395,8,cellpose,F
396,7,cellpose,F
397,7,cellpose,F
398,6,cellpose,F
399,7,cellpose,F
400,5,cellpose,F
401,5,cellpose,F
402,5,cellpose,F
403,5,cellpose,F
404,6,cellpose,F
405,6,cellpose,F
406,4,cellpose,F
407,4,cellpose,F
408,4,cellpose,F
409,4,cellpose,F
410,4,cellpose,F
411,4,cellpose,F
412,4,cellpose,F
413,4,cellpose,F
414,4,cellpose,F
415,4,cellpose,F
416,4,cellpose,F
417,4,cellpose,F
418,4,cellpose,F
419,4,cellpose,F
420,4,cellpose,F
421,3,cellpose,F
422,3,cellpose,F
423,3,cellpose,F
424,3,cellpose,F
425,3,cellpose,F
426,3,cellpose,F
427,3,cellpose,F
428,3,cellpose,F
429,3,cellpose,F
430,3,cellpose,F
431,3,cellpose,F
432,3,cellpose,F
433,3,cellpose,F
434,3,cellpose,F
435,3,cellpose,F
436,3,cellpose,F
437,3,cellpose,F
438,2,cellpose,F
439,2,cellpose,F
440,2,cellpose,F
441,2,cellpose,F
442,2,cellpose,F
443,2,cellpose,F
444,2,cellpose,F
445,2,cellpose,F
446,2,cellpose,F
447,2,cellpose,F
448,2,cellpose,F
449,2,cellpose,F
450,2,cellpose,F
451,2,cellpose,F
452,2,cellpose,F
453,2,cellpose,F
454,2,cellpose,F
455,2,cellpose,F
456,2,cellpose,F
457,2,cellpose,F
458,2,cellpose,F
459,2,cellpose,F
460,2,cellpose,F
461,2,cellpose,F
462,2,cellpose,F
463,2,cellpose,F
464,2,cellpose,F
465,2,cellpose,F
466,2,cellpose,F
467,2,cellpose,F
468,2,cellpose,F
469,2,cellpose,F
470,2,cellpose,F
471,2,cellpose,F
472,2,cellpose,F
473,2,cellpose,F
474,2,cellpose,F
475,2,cellpose,F
476,2,cellpose,F
477,2,cellpose,F
478,2,cellpose,F
479,2,cellpose,F
480,2,cellpose,F
481,2,cellpose,F
482,2,cellpose,F
483,2,cellpose,F
484,2,cellpose,F
485,2,cellpose,F
486,2,cellpose,F
487,2,cellpose,F
488,2,cellpose,F
489,2,cellpose,F
490,2,cellpose,F
491,2,cellpose,F
492,2,cellpose,F
493,2,cellpose,F
494,2,cellpose,F
495,2,cellpose,F
496,2,cellpose,F
497,2,cellpose,F
498,2,cellpose,F
499,2,cellpose,F
500,2,cellpose,F
501,2,cellpose,F
502,2,cellpose,F
