frame,run,n_objects,foam_pct,detector,foam
0,run0,118,,cellpose,A
1,run0,118,,cellpose,A
2,run0,117,,cellpose,A
3,run0,115,,cellpose,A
4,run0,111,,cellpose,A
5,run0,112,,cellpose,A
6,run0,112,,cellpose,A
7,run0,112,,cellpose,A
8,run0,108,,cellpose,A
9,run0,106,,cellpose,A
10,run0,105,,cellpose,A
11,run0,104,,cellpose,A
12,run0,104,,cellpose,A
13,run0,103,,cellpose,A
14,run0,102,,cellpose,A
15,run0,98,,cellpose,A
16,run0,98,,cellpose,A
17,run0,98,,cellpose,A
18,run0,97,,cellpose,A
19,run0,96,,cellpose,A
20,run0,96,,cellpose,A
21,run0,96,,cellpose,A
22,run0,94,,cellpose,A
23,run0,94,,cellpose,A
24,run0,93,,cellpose,A
25,run0,92,,cellpose,A
26,run0,92,,cellpose,A
27,run0,92,,cellpose,A
28,run0,91,,cellpose,A
29,run0,89,,cellpose,A
30,run0,87,,cellpose,A
31,run0,87,,cellpose,A
32,run0,88,,cellpose,A
33,run0,87,,cellpose,A
34,run0,87,,cellpose,A
35,run0,86,,cellpose,A
36,run0,85,,cellpose,A
37,run0,84,,cellpose,A
38,run0,84,,cellpose,A
39,run0,83,,cellpose,A
40,run0,82,,cellpose,A
41,run0,80,,cellpose,A
42,run0,78,,cellpose,A
43,run0,78,,cellpose,A
44,run0,78,,cellpose,A
45,run0,77,,cellpose,A
46,run0,78,,cellpose,A
47,run0,77,,cellpose,A
48,run0,76,,cellpose,A
49,run0,76,,cellpose,A
50,run0,76,,cellpose,A
51,run0,75,,cellpose,A
52,run0,74,,cellpose,A
53,run0,74,,cellpose,A
54,run0,74,25.4,cellpose,A
55,run0,74,25.4,cellpose,A
56,run0,73,25.3,cellpose,A
57,run0,73,25.3,cellpose,A
58,run0,73,25.3,cellpose,A
59,run0,72,25.2,cellpose,A
60,run0,72,25.1,cellpose,A
61,run0,72,25.1,cellpose,A
62,run0,71,25.1,cellpose,A
63,run0,70,25.0,cellpose,A
64,run0,70,24.9,cellpose,A
65,run0,70,24.9,cellpose,A
66,run0,70,24.8,cellpose,A
67,run0,70,24.8,cellpose,A
68,run0,70,24.7,cellpose,A
69,run0,70,24.6,cellpose,A
70,run0,69,24.6,cellpose,A
71,run0,69,24.6,cellpose,A
72,run0,69,24.5,cellpose,A
73,run0,69,24.4,cellpose,A
74,run0,69,24.5,cellpose,A
75,run0,69,24.4,cellpose,A
76,run0,69,24.3,cellpose,A
77,run0,68,24.3,cellpose,A
78,run0,68,24.2,cellpose,A
79,run0,68,24.2,cellpose,A
80,run0,68,24.1,cellpose,A
81,run0,68,24.0,cellpose,A
82,run0,68,24.0,cellpose,A
83,run0,68,24.0,cellpose,A
84,run0,68,23.9,cellpose,A
85,run0,65,23.9,cellpose,A
86,run0,65,23.8,cellpose,A
87,run0,65,23.8,cellpose,A
88,run0,64,23.7,cellpose,A
89,run0,63,23.6,cellpose,A
90,run0,63,23.6,cellpose,A
91,run0,63,23.6,cellpose,A
92,run0,63,23.5,cellpose,A
93,run0,63,23.5,cellpose,A
94,run0,63,23.4,cellpose,A
95,run0,62,23.4,cellpose,A
96,run0,61,23.3,cellpose,A
97,run0,61,23.2,cellpose,A
98,run0,61,23.2,cellpose,A
99,run1,60,22.9,cellpose,A
100,run1,60,22.8,cellpose,A
101,run1,59,22.7,cellpose,A
102,run1,58,22.7,cellpose,A
103,run1,55,22.6,cellpose,A
104,run1,55,22.6,cellpose,A
105,run1,55,22.5,cellpose,A
106,run1,54,22.4,cellpose,A
107,run1,54,22.4,cellpose,A
108,run1,53,22.4,cellpose,A
109,run1,53,22.3,cellpose,A
110,run1,53,22.2,cellpose,A
111,run1,53,22.2,cellpose,A
112,run1,52,22.1,cellpose,A
113,run1,52,22.0,cellpose,A
114,run1,51,22.0,cellpose,A
115,run1,51,21.9,cellpose,A
116,run1,51,21.8,cellpose,A
117,run1,51,21.8,cellpose,A
118,run1,51,21.7,cellpose,A
119,run1,51,21.6,cellpose,A
120,run1,51,21.6,cellpose,A
121,run1,50,21.5,cellpose,A
122,run1,50,21.4,cellpose,A
123,run1,50,21.4,cellpose,A
124,run1,49,21.3,cellpose,A
125,run1,49,21.3,cellpose,A
126,run1,49,21.2,cellpose,A
127,run1,49,21.1,cellpose,A
128,run1,47,21.1,cellpose,A
129,run1,47,21.0,cellpose,A
130,run1,47,21.0,cellpose,A
131,run1,46,20.9,cellpose,A
132,run1,46,20.9,cellpose,A
133,run1,46,20.8,cellpose,A
134,run1,46,20.7,cellpose,A
135,run1,46,20.7,cellpose,A
136,run1,46,20.6,cellpose,A
137,run1,46,20.6,cellpose,A
138,run1,46,20.5,cellpose,A
139,run1,45,20.5,cellpose,A
140,run1,45,20.4,cellpose,A
141,run1,45,20.3,cellpose,A
142,run1,45,20.3,cellpose,A
143,run1,45,20.2,cellpose,A
144,run1,44,20.2,cellpose,A
145,run1,43,20.1,cellpose,A
146,run1,42,20.1,cellpose,A
147,run1,42,20.0,cellpose,A
148,run1,42,19.9,cellpose,A
149,run1,42,19.9,cellpose,A
150,run1,42,19.9,cellpose,A
151,run1,42,19.8,cellpose,A
152,run1,41,19.7,cellpose,A
153,run1,41,19.7,cellpose,A
154,run1,41,19.6,cellpose,A
155,run1,40,19.6,cellpose,A
156,run1,40,19.6,cellpose,A
157,run1,39,19.5,cellpose,A
158,run1,38,19.5,cellpose,A
159,run1,38,19.4,cellpose,A
160,run1,38,19.3,cellpose,A
161,run1,36,19.4,cellpose,A
162,run1,36,19.3,cellpose,A
163,run1,36,19.3,cellpose,A
164,run1,35,19.2,cellpose,A
165,run1,34,19.2,cellpose,A
166,run1,34,19.2,cellpose,A
167,run1,33,19.2,cellpose,A
168,run1,32,19.1,cellpose,A
169,run1,32,19.1,cellpose,A
170,run1,31,19.0,cellpose,A
171,run1,31,19.0,cellpose,A
172,run1,31,19.1,cellpose,A
173,run1,31,19.0,cellpose,A
174,run1,31,19.0,cellpose,A
175,run1,31,19.0,cellpose,A
176,run1,30,19.0,cellpose,A
177,run1,29,18.9,cellpose,A
178,run1,28,19.0,cellpose,A
179,run1,28,19.0,cellpose,A
180,run1,28,19.0,cellpose,A
181,run1,28,18.9,cellpose,A
182,run1,28,18.9,cellpose,A
183,run1,28,18.9,cellpose,A
184,run1,28,18.9,cellpose,A
185,run1,28,18.9,cellpose,A
186,run1,28,18.9,cellpose,A
187,run1,28,18.9,cellpose,A
188,run1,28,18.9,cellpose,A
189,run1,28,18.9,cellpose,A
190,run1,28,19.0,cellpose,A
191,run1,28,18.9,cellpose,A
192,run1,28,18.9,cellpose,A
193,run1,28,19.0,cellpose,A
194,run1,28,18.9,cellpose,A
195,run1,28,19.0,cellpose,A
196,run1,28,19.0,cellpose,A
197,run1,28,19.0,cellpose,A
