n_obj,mean_n_all,mean_n_interior_mask,mean_n_interior_raft,mean_n_edge_raft,n_interior_mask,n_interior_raft,unassigned_mask_pct,unassigned_raftcore_pct,frame,source,mask_outside_gt_hull_pct
124,5.338709677419355,5.769230769230769,5.827586206896552,4.1891891891891895,91,87,23.103753783548864,13.353947654349135,0,GT,9.497231685946579
118,5.3559322033898304,5.813953488372093,5.869047619047619,4.088235294117647,86,84,21.34494506692305,12.008079483882,0,Cellpose,9.497231685946579
116,5.672413793103448,5.592592592592593,5.632911392405063,5.756756756756757,81,79,13.668009133619712,13.477918571057065,0,watershed,9.497231685946579
145,5.6,5.585858585858586,5.791208791208791,5.277777777777778,99,91,0.003633324855575337,0.0024936678648147027,0,watershed (per-frame),9.497231685946579
122,5.360655737704918,5.820224719101123,5.862068965517241,4.114285714285714,89,87,22.675872857773914,13.227958754058585,1,GT,9.032027528537224
118,5.372881355932203,5.816091954022989,5.858823529411764,4.121212121212121,87,85,19.812724914395368,10.710386413101652,1,Cellpose,9.032027528537224
113,5.699115044247788,5.592592592592593,5.6075949367088604,5.911764705882353,81,79,13.77777402627366,13.397081385806544,1,watershed,9.032027528537224
129,5.674418604651163,5.568181818181818,5.694117647058824,5.636363636363637,88,85,0.0008440884267035814,0.0010703964034680844,1,watershed (per-frame),9.032027528537224
99,5.191919191919192,5.594202898550725,5.681818181818182,4.212121212121212,69,66,24.679327196536153,14.359842462645881,24,GT,10.367743508189491
93,5.247311827956989,5.777777777777778,5.770491803278689,4.25,63,61,17.870906705979316,7.2679926950249145,24,Cellpose,10.367743508189491
90,5.711111111111111,5.661016949152542,5.706896551724138,5.71875,59,58,13.694905220146957,13.640401544872601,24,watershed,10.367743508189491
111,5.603603603603603,5.636363636363637,5.636363636363637,5.555555555555555,66,66,0.006674637538161514,0.007625234952551976,24,watershed (per-frame),10.367743508189491
98,5.183673469387755,5.594202898550725,5.703125,4.205882352941177,69,64,24.08247087289807,13.572039855736904,25,GT,10.457580889251657
92,5.217391304347826,5.714285714285714,5.766666666666667,4.1875,63,60,17.89483162777728,7.181826517513295,25,Cellpose,10.457580889251657
93,5.741935483870968,5.682539682539683,5.716666666666667,5.787878787878788,63,60,13.257152152253921,13.034491717097621,25,watershed,10.457580889251657
115,5.7043478260869565,5.885714285714286,5.779411764705882,5.595744680851064,70,68,0.004066611089648441,0.0026743688489516476,25,watershed (per-frame),10.457580889251657
84,5.190476190476191,5.559322033898305,5.830188679245283,4.096774193548387,59,53,24.940399725151615,12.954914279287241,49,GT,11.450422728766469
76,5.2368421052631575,5.754716981132075,5.8431372549019605,4.0,53,51,19.221760822155172,7.0255635715089095,49,Cellpose,11.450422728766469
77,5.740259740259741,5.596153846153846,5.673469387755102,5.857142857142857,52,49,12.525318913751383,12.82155309542555,49,watershed,11.450422728766469
94,5.723404255319149,5.7368421052631575,5.886792452830188,5.512195121951219,57,53,0.010754936814746215,0.007632115943891897,49,watershed (per-frame),11.450422728766469
80,5.225,5.745454545454545,5.884615384615385,4.0,55,52,25.234434728593275,13.123913992308388,50,GT,12.20374617737003
76,5.2631578947368425,5.7924528301886795,5.882352941176471,4.0,53,51,19.1474937882263,6.830628093320487,50,Cellpose,12.20374617737003
76,5.7105263157894735,5.549019607843137,5.625,5.857142857142857,51,48,12.508959288990825,12.970328828717543,50,watershed,12.20374617737003
105,5.542857142857143,5.53125,5.741379310344827,5.297872340425532,64,58,0.013737576452599388,0.006999860002799944,50,watershed (per-frame),12.20374617737003
70,5.2,5.612244897959184,5.844444444444444,4.04,49,45,25.65630144784823,11.929606319076843,73,GT,13.423907190005076
69,5.217391304347826,5.723404255319149,5.844444444444444,4.041666666666667,47,45,20.02892619205145,6.355613356705103,73,Cellpose,13.423907190005076
68,5.705882352941177,5.681818181818182,5.761904761904762,5.615384615384615,44,42,11.335066853353439,11.546842853849599,73,watershed,13.423907190005076
103,5.592233009708738,5.719298245614035,5.811320754716981,5.36,57,53,0.012616743341590632,0.012178837529957765,73,watershed (per-frame),13.423907190005076
70,5.2,5.63265306122449,5.844444444444444,4.04,49,45,25.83792657171754,11.9232259721938,74,GT,13.69825113665358
69,5.217391304347826,5.666666666666667,5.844444444444444,4.041666666666667,48,45,20.35954835119906,6.424251396623719,74,Cellpose,13.69825113665358
70,5.714285714285714,5.574468085106383,5.761904761904762,5.642857142857143,47,42,11.330876091694666,11.589690892228111,74,watershed,13.69825113665358
104,5.538461538461538,5.564516129032258,5.818181818181818,5.224489795918367,62,55,0.017522448716096366,0.016546126682370974,74,watershed (per-frame),13.69825113665358
63,4.984126984126984,5.487804878048781,5.722222222222222,4.0,41,36,25.88883037295926,10.155604420229976,97,GT,15.244889165509647
61,4.983606557377049,5.589743589743589,5.764705882352941,4.0,39,34,21.36448508641739,5.72230236651307,97,Cellpose,15.244889165509647
62,5.67741935483871,5.7105263157894735,5.714285714285714,5.62962962962963,38,35,9.901533649319354,9.929177346087947,97,watershed,15.244889165509647
86,5.488372093023256,5.571428571428571,5.8,5.217391304347826,49,40,0.00574520036386269,0.005602319360215129,97,watershed (per-frame),15.244889165509647
63,4.920634920634921,5.575,5.714285714285714,3.9285714285714284,40,35,26.15893616341144,11.704978015145619,98,GT,12.012914362433271
61,5.049180327868853,5.625,5.771428571428571,4.076923076923077,40,35,21.280567720487163,6.965821714684452,98,Cellpose,12.012914362433271
63,5.682539682539683,5.717948717948718,5.722222222222222,5.62962962962963,39,36,9.66051849247195,9.531094143485282,98,watershed,12.012914362433271
89,5.438202247191011,5.68,5.65,5.26530612244898,50,40,0.00831122334814436,0.00984062657953239,98,watershed (per-frame),12.012914362433271
52,4.884615384615385,5.666666666666667,5.923076923076923,3.8461538461538463,30,26,26.94712370278542,9.241470005034264,120,GT,17.33102194808118
51,4.901960784313726,5.75,5.923076923076923,3.84,28,26,22.98921241563276,5.478100952400522,120,Cellpose,17.33102194808118
50,5.72,5.75,5.846153846153846,5.583333333333333,28,26,8.798382030323493,9.047291257846773,120,watershed,17.33102194808118
65,5.476923076923077,5.71875,5.827586206896552,5.194444444444445,32,29,0.017133815095898973,0.019006914407241123,120,watershed (per-frame),17.33102194808118
52,4.884615384615385,5.714285714285714,5.923076923076923,3.8461538461538463,28,26,25.852433345554598,9.384353058144148,121,GT,15.976507755935595
50,4.92,5.814814814814815,5.923076923076923,3.8333333333333335,27,26,21.709081314825536,5.510995719164851,121,Cellpose,15.976507755935595
49,5.714285714285714,5.769230769230769,5.84,5.583333333333333,26,25,9.251270383530759,9.47089701783939,121,watershed,15.976507755935595
69,5.304347826086956,5.53125,5.633333333333334,5.051282051282051,32,30,0.008908960701203738,0.012363422813605945,121,watershed (per-frame),15.976507755935595
46,4.739130434782608,5.666666666666667,5.523809523809524,4.08,24,21,26.484041343408048,7.945014487070562,148,GT,15.399805774069755
42,4.809523809523809,5.904761904761905,5.833333333333333,4.041666666666667,21,18,24.45694357700625,7.0768795067860495,148,Cellpose,15.399805774069755
45,5.466666666666667,5.947368421052632,5.6875,5.344827586206897,19,16,6.585269876569061,7.074700999934645,148,watershed,15.399805774069755
60,5.333333333333333,5.826086956521739,5.833333333333333,5.119047619047619,23,18,0.005415221103477655,0.0038123869899570834,148,watershed (per-frame),15.399805774069755
43,4.837209302325581,5.818181818181818,5.7368421052631575,4.125,22,19,26.775053247077285,6.6624343510128705,149,GT,18.371236091574126
42,4.809523809523809,5.904761904761905,5.833333333333333,4.041666666666667,21,18,24.49257072188211,5.610319155075893,149,Cellpose,18.371236091574126
42,5.571428571428571,5.842105263157895,5.625,5.538461538461538,19,16,6.660495188778517,6.970623881802966,149,watershed,18.371236091574126
63,5.26984126984127,6.0,5.7368421052631575,5.068181818181818,22,19,0.005424150487631129,0.006925607433485312,149,watershed (per-frame),18.371236091574126
